grp,session,path,class_label,material,object_id,distance_cm,physical_yaw_deg,tx_mode,gate_start_us,gate_end_us,burst_cycles_requested,sample_rate_requested_hz,sample_count_requested,pretrigger_requested_us,firmware,created_local,n_raw_files,manifest,n_cap,n_angles,ang_min,ang_max,ang_step_med,ang_step_uniform,rep_min,rep_max,rep_med,crc_ok_frac,n_crc_fail,clip_lo,clip_hi,adc_min_min,adc_max_max,n_sat_lo,n_sat_hi,base_std_med,pk_med,rms_med,cf_med,gz_med,pkt_med,p2p_med,en_med,base_std_iqr,snr_db_med,snr_db_p10,snr_db_p90,pkt_cv_med,pkt_cv_max,pkt_sd_med_us,pk_ang_min,pk_ang_max,pk_ang_contrast_db,pk_cv_med,gate_start_m,gate_end_m,frac_pin_start,frac_pin_end,txref_us,dist_impl_med_cm,dist_err_cm,dist_sd_cm,sample_rate_hz,sample_count,burst_cycles_m,tx_mode_m,n_missing_raw,modal_cm,frac_in10,frac_2ndecho,frac_early,pk_ang_deg,pk_amp,bw3db_deg,sym_deg,amp_drift_pct,base_drift_pct,rng_spread_cm,rng_iqr_cm,n_ang_ampzero,amp_med,drift_corr_pct,score
B,20260826_124606_wall_reflector_100cm_wood_16cm_before_wall,D:/CustomTxRx/ESP32_Raw_Reflector_Classification/raw_reflector_results\previous\20260826_124606_wall_reflector_100cm_wood_16cm_before_wall,wall_reflector_100cm,woodenbox,wood_16cm_before_wall,84.0,0.0,FULL8,1.0,20000.0,24,250000,5000,1000,RAWCLASS-1.0.0,2026-08-26T12:46:06,620,True,620,31.0,-15.0,15.0,1.0,True,20.0,20.0,20.0,1.0,0.0,0.0,0.0,1281.0,2688.0,0.0,0.0,13.164208399982702,744.2579365079365,108.41274819334504,6.652216306575006,8.089082214959996,5864.0,1226.5,55804782.2202066,0.4055833741641237,34.95831268485925,32.50314645440131,35.83489837984793,1.0527088351949871,2.583092054994476,62.00033955764397,467.6011904761904,823.8472222222222,4.919421471062918,1.5975118921732174,1.0,20000.0,0.0,0.0,1008.0,83.2804,-0.7195999999999998,1.063305823413594,250000.0,5000.0,24.0,FULL8,0.0,82.5,1.0,0.0,0.0,7.0,823.8472222222222,,,10.220396765125782,-3.589028193544968,13.720000000000011,3.8416,0.0,748.4742063492064,-0.16620150513818513,94.94708724877013
B,20260826_173049_wall_reflector_100cm_wood_16cm_before_wall_moved17_6cm_rightside_attx,D:/CustomTxRx/ESP32_Raw_Reflector_Classification/raw_reflector_results\previous\20260826_173049_wall_reflector_100cm_wood_16cm_before_wall_moved17_6cm_rightside_attx,wall_reflector_100cm,aluminium,wood_16cm_before_wall_moved17_6cm_rightside_attx,95.0,0.0,FULL8,1000.0,16000.0,24,250000,5000,1000,RAWCLASS-1.0.0,2026-08-26T17:30:49,620,True,620,31.0,-15.0,15.0,1.0,True,20.0,20.0,20.0,1.0,0.0,0.0,0.0,1360.0,2696.0,0.0,0.0,12.97352133427484,743.7896825396825,134.0915169428663,5.3562604082124405,13.262908696276703,6568.0,1220.5,67427006.04161942,0.1884795857047496,35.1730198878097,33.10803040329823,35.89819486506049,0.9647733768794402,28.39009126195517,63.95096805983057,544.3452380952381,813.6507936507937,3.4912724861614155,1.719303660667407,1000.0,16000.0,0.0,0.0,1008.0,95.354,0.3539999999999992,1.0967591022260943,250000.0,5000.0,24.0,FULL8,0.0,97.5,0.9935483870967742,0.0064516129032258,0.0,15.0,813.6507936507937,,,-1.7363550006566233,-0.3291383290466934,6.722799999999992,1.955099999999988,0.0,749.3154761904761,-0.15745239084525126,94.91200450699075
B,20260826_171928_wall_reflector_100cm_wood_16cm_before_wall_moved5cm_rightside_attx1,D:/CustomTxRx/ESP32_Raw_Reflector_Classification/raw_reflector_results\previous\20260826_171928_wall_reflector_100cm_wood_16cm_before_wall_moved5cm_rightside_attx1,wall_reflector_100cm,aluminium,wood_16cm_before_wall_moved5cm_rightside_attx1,73.0,0.0,FULL8,1000.0,16000.0,24,250000,5000,1000,RAWCLASS-1.0.0,2026-08-26T17:19:28,620,True,620,31.0,-15.0,15.0,1.0,True,20.0,20.0,20.0,1.0,0.0,0.0,0.0,1293.0,2762.0,0.0,0.0,13.0767943696635,789.6150793650794,143.84102054491368,5.431009554783845,17.109434788973353,5204.0,1268.0,77588398.8337585,0.3114743926726238,35.64497910701786,34.18021989438353,36.46816999733062,1.3128731098319948,2.5811075903916776,70.17091915271482,612.3611111111111,889.265873015873,3.24048047005777,1.594869186789126,1000.0,16000.0,0.0,0.0,1008.0,71.9614,-1.0386000000000024,1.203431263469059,250000.0,5000.0,24.0,FULL8,0.0,72.5,1.0,0.0,0.0,9.0,889.265873015873,,,8.647501945867528,-1.94897977455434,9.946999999999989,2.263800000000004,0.0,789.8333333333333,-1.4313118175515689,94.44967267946959
B,20260826_125008_wall_reflector_100cm_wood_16cm_before_wall_moved5cm_rightside_attx1,D:/CustomTxRx/ESP32_Raw_Reflector_Classification/raw_reflector_results\previous\20260826_125008_wall_reflector_100cm_wood_16cm_before_wall_moved5cm_rightside_attx1,wall_reflector_100cm,woodenbox,wood_16cm_before_wall_moved5cm_rightside_attx1,84.0,0.0,FULL8,1000.0,20000.0,24,250000,5000,1000,RAWCLASS-1.0.0,2026-08-26T12:50:08,620,True,620,31.0,-15.0,15.0,1.0,True,20.0,20.0,20.0,1.0,0.0,0.0,0.0,1259.0,2732.0,0.0,0.0,13.131162533129348,785.890873015873,120.68389967406212,6.393435441355965,11.155402337377186,6008.0,1281.0,65511587.27903754,0.3997412921474286,35.50482105243632,33.73418423856369,36.205450494380486,1.1474528266732846,4.209459728957128,69.24434234916535,595.6369047619048,866.2519841269841,3.253252884355104,1.459598696986995,1000.0,20000.0,0.0,0.0,1008.0,85.75,1.75,1.1875404712881856,250000.0,5000.0,24.0,FULL8,0.0,87.5,0.964516129032258,0.0,0.0,7.0,866.2519841269841,,,10.155026316010176,-3.2438482181279067,15.29780000000001,2.9498000000000104,0.0,787.7579365079365,0.14158332403561802,93.52895704218945
A,20260829_215729_wood_reflector_wood_50cm,D:/CustomTxRx/ESP32_Raw_Reflector_Classification/raw_reflector_results\20260829_215729_wood_reflector_wood_50cm,wood_reflector,wood,wood,50.0,0.0,FULL8,1200.0,12000.0,24,250000,5000,1000,RAWCLASS-1.0.0,2026-08-29T21:57:29,620,True,620,31.0,-15.0,15.0,1.0,True,20.0,20.0,20.0,1.0,0.0,0.0,0.0,142.0,2209.0,0.0,0.0,11.97039017832093,148.5099206349206,25.277318708230705,5.844341789923584,2.6777029588331853,3580.0,293.0,1725146.1326530613,0.3040474465689247,22.354625220843523,15.483867458559876,24.03476027814173,1.282398659572457,45.2640976135671,45.94321437784284,40.79761904761904,196.9503968253969,13.674440836321018,2.164497632059366,1200.0,12000.0,0.0,0.0016129032258064,1008.0,44.1098,-5.8902,0.7879261265800047,250000.0,5000.0,24.0,FULL8,0.0,42.5,0.985483870967742,0.0048387096774193,0.0,2.0,196.9503968253969,4.065634999775293,0.097960206179926,31.01807938356665,-3.37763333062865,8.71220000000001,0.6859999999999857,0.0,146.1269841269841,0.8548255181125586,82.38289288073238
B,20260826_172705_wall_reflector_100cm_wood_16cm_before_wall_moved5cm_rightside_attx1,D:/CustomTxRx/ESP32_Raw_Reflector_Classification/raw_reflector_results\previous\20260826_172705_wall_reflector_100cm_wood_16cm_before_wall_moved5cm_rightside_attx1,wall_reflector_100cm,aluminium,wood_16cm_before_wall_moved5cm_rightside_attx1,95.0,0.0,FULL8,1000.0,16000.0,24,250000,5000,1000,RAWCLASS-1.0.0,2026-08-26T17:27:05,620,True,620,31.0,-15.0,15.0,1.0,True,20.0,20.0,20.0,1.0,0.0,0.0,0.0,1367.0,2646.0,0.0,0.0,13.11150234534156,718.968253968254,142.02526721801723,4.924439540464315,9.808579600185055,5386.0,1196.0,75641958.04672146,0.3144951731587078,34.71144500572612,33.4725322378288,35.43768901849634,1.2886712702420846,12.55812160158042,70.95617624540125,571.047619047619,779.6031746031747,2.704025476458097,1.3790536381749772,1000.0,16000.0,0.0,0.0,1008.0,75.08269999999999,-19.91730000000001,1.2168984226086317,250000.0,5000.0,24.0,FULL8,0.0,72.5,0.7387096774193549,0.0,0.0,2.0,779.6031746031747,,,-3.5828076081094964,-2.7512613148583687,25.827899999999985,14.577499999999986,0.0,722.8511904761905,-0.16605802166038153,81.29179440712514
A,20260826_191834_wall_reflector_can_reflector_70cm_2,D:/CustomTxRx/ESP32_Raw_Reflector_Classification/raw_reflector_results\20260826_191834_wall_reflector_can_reflector_70cm_2,wall_reflector,can,can_reflector_70cm_2,70.0,0.0,FULL8,1200.0,18000.0,24,250000,5000,1000,RAWCLASS-1.0.0,2026-08-26T19:18:34,610,True,610,61.0,-30.0,30.0,1.0,True,10.0,10.0,10.0,1.0,0.0,0.0,0.0,1334.0,2706.0,0.0,0.0,13.172065099781692,700.7440476190477,137.31958482780232,5.087254209946449,8.4992647902753,6568.0,1177.0,79198008.92195767,0.2422557933897895,34.54820494938476,32.90118833233899,35.693189917835056,1.0259437112722638,16.08672001214987,63.44201201797495,321.3492063492064,834.1369047619047,8.285202089644553,2.202687032158457,1200.0,18000.0,0.0,0.0,1008.0,95.354,25.354,1.0880305061082702,250000.0,5000.0,24.0,FULL8,0.0,97.5,0.8459016393442623,0.0,0.0,9.0,834.1369047619047,12.670420986050129,5.566899307253022,-0.8645475538456207,-1.248416169224908,31.3502,3.087000000000004,0.0,701.3650793650794,-0.06733053612917364,78.38235162105823
A,20260829_220437_plastic_reflector_plastic_50cm,D:/CustomTxRx/ESP32_Raw_Reflector_Classification/raw_reflector_results\20260829_220437_plastic_reflector_plastic_50cm,plastic_reflector,plastic,plastic,50.0,0.0,FULL8,1200.0,12000.0,24,250000,5000,1000,RAWCLASS-1.0.0,2026-08-29T22:04:37,620,True,620,31.0,-15.0,15.0,1.0,True,20.0,20.0,20.0,1.0,0.0,0.0,0.0,1267.0,2240.0,0.0,0.0,21.739011400433235,171.72420634920638,34.41624413469272,4.874106850413314,3.730325105493847,3666.0,335.0,3198091.0260770973,0.2439061690122166,17.943119472778516,13.125308706217186,20.35926697286805,1.629288041160608,3.313652475466797,59.88198920860056,61.75992063492072,233.5654761904761,11.554038399184554,2.827054517037678,1200.0,12000.0,0.0,0.0,1008.0,45.5847,-4.415300000000002,1.0269761149274996,250000.0,5000.0,24.0,FULL8,0.0,47.5,1.0,0.0,0.0,11.0,233.5654761904761,,,50.853075156969794,-1.9107780096049976,9.70689999999999,1.4063000000000017,0.0,172.75,0.08083281775091292,78.20207157544078
A,20260826_190248_wall_reflector_none,D:/CustomTxRx/ESP32_Raw_Reflector_Classification/raw_reflector_results\20260826_190248_wall_reflector_none,wall_reflector,wall,none,79.5,0.0,FULL8,1200.0,18000.0,24,250000,5000,1000,RAWCLASS-1.0.0,2026-08-26T19:02:48,1210,True,1210,121.0,-30.0,30.0,0.5,True,10.0,10.0,10.0,1.0,0.0,0.0,0.0,1367.0,2626.0,0.0,0.0,13.099044359830206,608.3769841269841,107.2815098034113,5.665704362122841,8.879534867849635,6472.0,1078.5,48339154.17195767,0.2312195599641118,33.32700510256575,30.846181959426755,34.6513935127534,0.931859160549052,33.004796316771106,60.72890580275583,324.1051587301587,760.5813492063492,7.409194557152112,2.839897616249708,1200.0,18000.0,0.0,0.0,1008.0,93.7076,14.2076,1.0415007345172624,250000.0,5000.0,24.0,FULL8,0.0,92.5,0.8553719008264463,0.1446280991735537,0.0,-21.5,760.5813492063492,7.056450214043156,1.9345348466789964,-1.0360069642207304,-0.9410801492264592,106.3986,2.538199999999989,0.0,602.4742063492063,0.5445904294683608,77.36751723369758
A,20260829_220046_wall_reflector_wall_50cm,D:/CustomTxRx/ESP32_Raw_Reflector_Classification/raw_reflector_results\20260829_220046_wall_reflector_wall_50cm,wall_reflector,wall,wall,50.0,0.0,FULL8,1200.0,12000.0,24,250000,5000,1000,RAWCLASS-1.0.0,2026-08-29T22:00:46,620,True,620,31.0,-15.0,15.0,1.0,True,20.0,20.0,20.0,1.0,0.0,0.0,0.0,1394.0,2198.0,0.0,0.0,21.127483133972355,173.6746031746031,32.62486957431423,5.23668738558873,2.9666610775194684,3588.0,340.0,2873831.7831632653,0.2600825460991558,18.27639741300281,14.187706901612444,20.008863105309945,1.711875201192054,31.383696390664014,61.41181096756374,56.35317460317458,225.38492063492072,12.040129391835205,3.461374271809047,1200.0,12000.0,0.0,0.0,1008.0,44.247,-5.753,1.053212558093718,250000.0,5000.0,24.0,FULL8,0.0,42.5,0.9870967741935484,0.0129032258064516,0.0,3.0,225.38492063492072,4.124003526283733,0.9629640712667872,31.666972492175795,-1.5402078128062937,1.7150000000000034,0.531649999999992,0.0,175.3809523809524,1.2629052957177276,76.63947507247273
B,20260826_123503_wall_reflector_wall,D:/CustomTxRx/ESP32_Raw_Reflector_Classification/raw_reflector_results\previous\20260826_123503_wall_reflector_wall,wall_reflector,wall,wall_01,100.0,0.0,FULL8,1200.0,18000.0,24,250000,5000,1000,RAWCLASS-1.0.0,2026-08-26T12:35:03,620,True,620,31.0,-15.0,15.0,1.0,True,20.0,20.0,20.0,1.0,0.0,0.0,0.0,1367.0,2544.0,0.0,0.0,13.058116875150564,556.390873015873,92.30470040591456,5.876549162528261,6.955645366456638,6524.0,1020.0,35784668.77910052,0.3477828804817946,32.52066407420355,29.73561926942461,33.74248475760229,0.8845765864199783,31.634543952011786,56.59979542458839,363.3869047619048,659.8849206349206,5.18197862891884,4.071263889447151,1200.0,18000.0,0.0,0.0,1008.0,94.5994,-5.400599999999997,0.9706864915316908,250000.0,5000.0,24.0,FULL8,0.0,92.5,0.7032258064516129,0.2967741935483871,0.0,8.0,659.8849206349206,,,5.458354195893538,-2.555750175487731,104.75219999999996,99.813,0.0,561.9742063492064,0.3741386742516605,76.10887946392641
A,20260829_221253_glass_reflector_glass_50cm,D:/CustomTxRx/ESP32_Raw_Reflector_Classification/raw_reflector_results\20260829_221253_glass_reflector_glass_50cm,glass_reflector,glass,glass,50.0,0.0,FULL8,1200.0,12000.0,24,250000,5000,1000,RAWCLASS-1.0.0,2026-08-29T22:12:53,310,True,310,31.0,-15.0,15.0,1.0,True,10.0,10.0,10.0,1.0,0.0,0.0,0.0,1101.0,2223.0,0.0,0.0,21.37740713552399,165.4940476190476,32.40480809986828,5.038376359629604,2.237748428870357,3632.0,323.5,2835194.664115646,0.4266354015029066,17.819260952882363,12.644640885426218,19.597964130175868,1.507805367680967,29.90336918201982,54.087994149451646,55.88095238095241,217.22023809523807,11.792729723791084,3.76296243677897,1200.0,12000.0,0.0,0.0,1008.0,45.0016,-4.998399999999997,0.9276090996630956,250000.0,5000.0,24.0,FULL8,0.0,42.5,0.9935483870967742,0.0064516129032258,0.0,5.0,217.22023809523807,4.153769353863712,0.2316112637533134,41.48765983861824,0.1817917619606028,2.915500000000001,0.943250000000006,0.0,166.5138888888889,-0.7982609252536721,74.80735295168756
B,20260826_122335_wall_reflector_wall_01,D:/CustomTxRx/ESP32_Raw_Reflector_Classification/raw_reflector_results\previous\20260826_122335_wall_reflector_wall_01,wall_reflector,wall,wall_01,100.0,0.0,FULL8,1200.0,18000.0,24,250000,5000,1000,RAWCLASS-1.0.0,2026-08-26T12:23:35,10,True,10,1.0,0.0,0.0,,True,10.0,10.0,10.0,1.0,0.0,0.0,0.0,1375.0,2464.0,0.0,0.0,13.411242687974935,559.7956349206349,87.4531294775714,6.425324832169922,11.480468335546204,6492.0,1021.0,32128577.736772485,1.5377154056658764,32.7378725784209,31.812974591421813,36.16711648747997,0.8342020949292113,0.8342020949292113,53.96953873354025,559.7956349206349,559.7956349206349,0.0,5.692883237159625,1200.0,18000.0,0.0,0.0,1008.0,94.0506,-5.949399999999997,0.9255775892802152,250000.0,5000.0,24.0,FULL8,0.0,92.5,1.0,0.0,0.0,0.0,559.7956349206349,,,3.241829324051748,-29.79300775712844,0.0,0.0,0.0,559.7956349206349,3.2418293240517713,68.68262190001563
A,20260826_190743_wall_reflector_metal_reflector_70cm,D:/CustomTxRx/ESP32_Raw_Reflector_Classification/raw_reflector_results\20260826_190743_wall_reflector_metal_reflector_70cm,wall_reflector,previous_cardboard,metal_reflector_70cm,70.0,0.0,FULL8,1200.0,18000.0,24,250000,5000,1000,RAWCLASS-1.0.0,2026-08-26T19:07:43,610,True,610,61.0,-30.0,30.0,1.0,True,10.0,10.0,10.0,1.0,0.0,0.0,0.0,1365.0,2653.0,0.0,0.0,13.306695794756768,650.8690476190476,123.38909220228376,5.411492146558667,11.017667672956533,5640.0,1126.0,63944446.17989418,0.3410672213315369,33.78363946933161,32.40828573424965,35.1745089372113,1.1789699235802646,10.3657664264829,61.02677008220812,447.33928571428567,781.6845238095239,4.847889474032103,1.945697083116891,1200.0,18000.0,0.0,0.0,1008.0,79.4388,9.4388,1.046609106909869,250000.0,5000.0,24.0,FULL8,0.0,82.5,0.6622950819672131,0.0,0.0,6.0,781.6845238095239,21.31789028044514,17.96767202793159,-8.14507657365359,-3.0547520423556134,20.6486,15.263500000000008,0.0,647.6904761904761,-0.12172850675624045,68.40511574174225
B,20260826_123915_wall_reflector_wall_01,D:/CustomTxRx/ESP32_Raw_Reflector_Classification/raw_reflector_results\previous\20260826_123915_wall_reflector_wall_01,wall_reflector,wall,wall_01,100.0,0.0,FULL8,1.0,20000.0,24,250000,5000,1000,RAWCLASS-1.0.0,2026-08-26T12:39:15,122,True,122,61.0,-15.0,15.0,0.5,True,2.0,2.0,2.0,1.0,0.0,0.0,0.0,1371.0,2514.0,0.0,0.0,12.945101037466234,558.1488095238095,85.3778360333616,6.164154361451786,4.716764149041599,6482.0,1021.5,34610074.36907911,0.174250090613782,32.687712775879554,29.74045683624644,33.58896317086887,0.4826667448372338,45.00877788947964,48.08326112068523,332.5734126984128,650.3531746031746,5.825234751315556,1.7548084647723248,1.0,20000.0,0.0,0.0,1008.0,93.8791,-6.120900000000006,0.8246279282197516,250000.0,5000.0,24.0,FULL8,0.0,92.5,0.680327868852459,0.319672131147541,0.0,8.5,650.3531746031746,,,4.037290621118214,0.4571388027549568,106.12419999999996,100.80770000000004,0.0,557.8154761904763,0.00754783143473138,67.34501296393844
B,20260826_122340_wall_reflector_wall_01,D:/CustomTxRx/ESP32_Raw_Reflector_Classification/raw_reflector_results\previous\20260826_122340_wall_reflector_wall_01,wall_reflector,wall,wall_01,100.0,0.0,FULL8,1200.0,18000.0,24,250000,5000,1000,RAWCLASS-1.0.0,2026-08-26T12:23:40,70,True,70,7.0,-15.0,15.0,5.0,True,10.0,10.0,10.0,1.0,0.0,0.0,0.0,1371.0,2573.0,0.0,0.0,13.291599874746431,595.9285714285714,98.95892956434946,6.237668383211532,7.273797077884028,6536.0,1067.5,41130053.13624339,0.20650083530988,33.08202612761775,29.10549434092308,33.858873528368,1.2577141540404129,30.71256610666229,81.5854017442935,368.4186507936507,666.4861111111112,5.148989916480965,3.576235950628495,1200.0,18000.0,0.0,0.0,1008.0,94.8052,-5.194800000000001,1.3991896399146335,250000.0,5000.0,24.0,FULL8,0.0,92.5,0.7714285714285715,0.2285714285714285,0.0,-15.0,666.4861111111112,,,-20.178822746700373,-1.9617637027469657,101.9739,52.513300000000015,0.0,595.5357142857142,-0.3042705261796813,66.95008268107883
A,20260826_185229_metal_reflector_cardboard,D:/CustomTxRx/ESP32_Raw_Reflector_Classification/raw_reflector_results\20260826_185229_metal_reflector_cardboard,metal_reflector,metal,cardboard,79.5,0.0,FULL8,1200.0,18000.0,24,250000,5000,1000,RAWCLASS-1.0.0,2026-08-26T18:52:29,610,True,610,61.0,-30.0,30.0,1.0,True,10.0,10.0,10.0,1.0,0.0,0.0,0.0,1533.0,2196.0,0.0,0.0,13.143369328512978,92.15476190476194,16.91709135147029,5.402995720220246,0.9064673565550962,5240.0,180.0,1201989.5767195765,0.2257063163557031,16.918921009212376,12.295390650386906,20.645580740081137,1.078816087132974,35.11592152269869,56.28498911788116,43.154761904761926,161.6428571428571,11.470555868627187,3.715767814198033,1200.0,18000.0,0.0,0.0,1008.0,72.5788,-6.921199999999999,0.965287563371662,250000.0,5000.0,24.0,FULL8,0.0,72.5,0.939344262295082,0.0573770491803278,0.0,8.0,161.6428571428571,3.4040915114579136,0.0897594523797842,-16.554018573417363,-0.7324812327068919,80.9137,1.7150000000000176,0.0,93.77777777777784,-0.3656455965179597,66.71328029217875
B,20260826_124111_wall_reflector_wall_01,D:/CustomTxRx/ESP32_Raw_Reflector_Classification/raw_reflector_results\previous\20260826_124111_wall_reflector_wall_01,wall_reflector,wall,wall_01,100.0,0.0,FULL8,1.0,20000.0,32,250000,5000,1000,RAWCLASS-1.0.0,2026-08-26T12:41:11,62,True,62,31.0,-15.0,15.0,1.0,True,2.0,2.0,2.0,1.0,0.0,0.0,0.0,1370.0,2524.0,0.0,0.0,12.96900034201168,578.718253968254,99.32923665006632,5.6070971356136425,6.90736781574484,6692.0,1055.0,46846715.78801336,0.1574014804362438,32.97534830875779,30.583008319507066,34.038059997380834,0.5208472687683137,43.17757844133665,48.08326112068523,382.69246031746025,665.7956349206349,4.809820750700585,1.1172831291897545,1.0,20000.0,0.0,0.0,1008.0,97.4806,-2.5193999999999903,0.8246279282197516,250000.0,5000.0,32.0,FULL8,0.0,97.5,0.6612903225806451,0.3387096774193548,0.0,-10.0,665.7956349206349,,,-2.1546981617958068,0.4003695201119909,108.45659999999997,102.95145,0.0,580.6269841269841,-0.007856742982160124,65.02946405216215
A,20260826_184342_metal_reflector_can72,D:/CustomTxRx/ESP32_Raw_Reflector_Classification/raw_reflector_results\20260826_184342_metal_reflector_can72,metal_reflector,metal,can72,100.0,0.0,FULL8,1200.0,18000.0,24,250000,5000,1000,RAWCLASS-1.0.0,2026-08-26T18:43:42,610,True,610,61.0,-30.0,30.0,1.0,True,10.0,10.0,10.0,1.0,0.0,0.0,0.0,1519.0,2193.0,0.0,0.0,13.141517543295343,70.72817460317458,15.242212648698011,4.67115047225261,0.8870838857020216,6484.0,137.5,975765.2129629628,0.2759737517408123,14.644925860238413,10.736164920819862,19.091822111077345,0.8802148159536267,53.29465989033381,55.73907466440792,42.42063492063494,137.19047619047615,10.19493598238519,4.1110239557288,1200.0,18000.0,0.0,0.0,1008.0,93.9134,-6.086600000000004,0.9559251304945958,250000.0,5000.0,24.0,FULL8,0.0,92.5,0.8147540983606557,0.001639344262295,0.0032786885245901,9.0,137.19047619047615,3.1472171360913794,0.0442484089928907,-13.123907437265297,-0.8156573429528363,26.6854,1.406300000000016,0.0,69.5019841269841,0.28393508540607953,58.74196352027971
A,20260826_184601_metal_reflector_can72-14m8,D:/CustomTxRx/ESP32_Raw_Reflector_Classification/raw_reflector_results\20260826_184601_metal_reflector_can72-14m8,metal_reflector,metal,can72-14_8,100.0,0.0,FULL8,1200.0,18000.0,24,250000,5000,1000,RAWCLASS-1.0.0,2026-08-26T18:46:01,610,True,610,61.0,-30.0,30.0,1.0,True,10.0,10.0,10.0,1.0,0.0,0.0,0.0,1509.0,2197.0,0.0,0.0,13.06108099151351,65.7539682539682,15.43576019468148,4.367264038215071,0.7903185631345361,6480.0,128.0,1000703.3822751328,0.2093993747507738,14.038338803753447,10.63492255989173,17.55593271781649,0.9697921267401814,40.83343281026874,62.38090876043543,40.10912698412699,117.4880952380953,9.335013073742424,4.2256854963016375,1200.0,18000.0,0.0,0.0,1008.0,93.8448,-6.155200000000008,1.0698325852414674,250000.0,5000.0,24.0,FULL8,0.0,92.5,0.8327868852459016,0.0262295081967213,0.001639344262295,-21.0,117.4880952380953,3.645562015707728,0.3454839333426029,-17.393161639324525,-0.05144459656476,121.5592,1.8178999999999943,0.0,62.9880952380953,-0.6436474202192443,58.68677106794672
A,20260826_191642_wall_reflector_can_reflector_70cm,D:/CustomTxRx/ESP32_Raw_Reflector_Classification/raw_reflector_results\20260826_191642_wall_reflector_can_reflector_70cm,wall_reflector,can,can_reflector_70cm,70.0,0.0,FULL8,1200.0,18000.0,24,250000,5000,1000,RAWCLASS-1.0.0,2026-08-26T19:16:42,610,True,610,61.0,-30.0,30.0,1.0,True,10.0,10.0,10.0,1.0,0.0,0.0,0.0,1513.0,2226.0,0.0,0.0,13.245312179113078,60.35119047619048,15.05402237277421,4.062424773338785,0.5866860558846221,6444.0,118.0,951819.1164021164,0.382163313747446,13.178788924274368,11.002304905788426,17.3621582941124,1.2107257953681232,36.65359387929276,76.89646719236629,33.507936507936506,111.85714285714288,10.47032076379224,5.000852416609546,1200.0,18000.0,0.0,0.0,1008.0,93.2274,23.22739999999999,1.318774412349082,250000.0,5000.0,24.0,FULL8,0.0,92.5,0.7622950819672131,0.0311475409836065,0.001639344262295,-21.0,111.85714285714288,3.458491066537864,0.447279030766385,7.667651513247618,-3.368558423214412,128.65929999999997,2.6067999999999785,0.0,59.90873015873012,0.6009753592139231,53.13106019875631
A,20260826_184837_metal_reflector_can72_14p8,D:/CustomTxRx/ESP32_Raw_Reflector_Classification/raw_reflector_results\20260826_184837_metal_reflector_can72_14p8,metal_reflector,metal,can72_14_8,100.0,0.0,FULL8,1200.0,18000.0,24,250000,5000,1000,RAWCLASS-1.0.0,2026-08-26T18:48:37,610,True,610,61.0,-30.0,30.0,1.0,True,10.0,10.0,10.0,1.0,0.0,0.0,0.0,1535.0,2207.0,0.0,0.0,13.05964468575715,52.27380952380963,14.464483247590358,3.578713451808359,0.5251574196900369,6424.0,100.0,878729.3624338622,0.2157928826098611,12.0382510350769,9.920386491107182,13.88951670453035,4.707631940478064,58.83443892686328,300.7368728085511,32.825396825396865,71.41071428571422,6.751067843179942,7.526457605727124,1200.0,18000.0,0.0,0.0032786885245901,1008.0,92.8844,-7.115600000000001,5.157637368666651,250000.0,5000.0,24.0,FULL8,0.0,92.5,0.7983606557377049,0.1196721311475409,0.0065573770491803,-22.0,71.41071428571422,3.2069385265132766,0.7909741287661447,-1.820741618194888,-0.3111787936800628,123.65149999999996,3.532899999999998,0.0,52.72222222222217,1.7415164826159104,46.76276989543826
B,20260826_123814_wall_reflector_wall_01,D:/CustomTxRx/ESP32_Raw_Reflector_Classification/raw_reflector_results\previous\20260826_123814_wall_reflector_wall_01,wall_reflector,wall,wall_01,100.0,0.0,FULL8,0.0,25000.0,24,250000,5000,1000,RAWCLASS-1.0.0,2026-08-26T12:38:14,0,False,0,,,,,,,,,,,,,,,,,,,,,,,,,,,,,,,,,,,,,,,,,,,,,,,,,,,,,,,,,,,,,,,,-1.0
B,20260826_123905_wall_reflector_wall_01,D:/CustomTxRx/ESP32_Raw_Reflector_Classification/raw_reflector_results\previous\20260826_123905_wall_reflector_wall_01,wall_reflector,wall,wall_01,100.0,0.0,FULL8,1.0,20000.0,24,250000,5000,1000,RAWCLASS-1.0.0,2026-08-26T12:39:05,0,False,0,,,,,,,,,,,,,,,,,,,,,,,,,,,,,,,,,,,,,,,,,,,,,,,,,,,,,,,,,,,,,,,,-1.0
B,20260826_123902_wall_reflector_wall_01,D:/CustomTxRx/ESP32_Raw_Reflector_Classification/raw_reflector_results\previous\20260826_123902_wall_reflector_wall_01,wall_reflector,wall,wall_01,100.0,0.0,FULL8,1.0,20000.0,24,250000,5000,1000,RAWCLASS-1.0.0,2026-08-26T12:39:02,2,True,2,1.0,0.0,0.0,,True,2.0,2.0,2.0,1.0,0.0,0.0,0.0,1388.0,2390.0,0.0,0.0,13.038135762496545,523.5734126984128,78.53129075531527,6.665941606054168,6.178568218838211,6408.0,979.0,29291099.380794905,0.1149447640136109,32.07233137151428,31.94355496125091,32.20110778177765,0.2648340004443998,0.2648340004443998,16.97056274847714,523.5734126984128,523.5734126984128,0.0,3.866724338820093,1.0,20000.0,0.0,0.0,1008.0,92.61,-7.390000000000001,0.2910451511363829,250000.0,5000.0,24.0,FULL8,0.0,92.5,1.0,0.0,0.0,0.0,523.5734126984128,,,,,0.0,0.0,0.0,523.5734126984128,,-1.0
B,20260826_123854_wall_reflector_wall_01,D:/CustomTxRx/ESP32_Raw_Reflector_Classification/raw_reflector_results\previous\20260826_123854_wall_reflector_wall_01,wall_reflector,wall,wall_01,100.0,0.0,FULL8,0.0,20000.0,24,250000,5000,1000,RAWCLASS-1.0.0,2026-08-26T12:38:54,0,False,0,,,,,,,,,,,,,,,,,,,,,,,,,,,,,,,,,,,,,,,,,,,,,,,,,,,,,,,,,,,,,,,,-1.0
B,20260826_123852_wall_reflector_wall_01,D:/CustomTxRx/ESP32_Raw_Reflector_Classification/raw_reflector_results\previous\20260826_123852_wall_reflector_wall_01,wall_reflector,wall,wall_01,100.0,0.0,FULL8,0.0,20000.0,24,250000,5000,1000,RAWCLASS-1.0.0,2026-08-26T12:38:52,0,False,0,,,,,,,,,,,,,,,,,,,,,,,,,,,,,,,,,,,,,,,,,,,,,,,,,,,,,,,,,,,,,,,,-1.0
B,20260826_123818_wall_reflector_wall_01,D:/CustomTxRx/ESP32_Raw_Reflector_Classification/raw_reflector_results\previous\20260826_123818_wall_reflector_wall_01,wall_reflector,wall,wall_01,100.0,0.0,FULL8,0.0,25000.0,24,250000,5000,1000,RAWCLASS-1.0.0,2026-08-26T12:38:18,0,False,0,,,,,,,,,,,,,,,,,,,,,,,,,,,,,,,,,,,,,,,,,,,,,,,,,,,,,,,,,,,,,,,,-1.0
B,20260826_123832_wall_reflector_wall_01,D:/CustomTxRx/ESP32_Raw_Reflector_Classification/raw_reflector_results\previous\20260826_123832_wall_reflector_wall_01,wall_reflector,wall,wall_01,100.0,0.0,FULL8,0.0,20000.0,24,250000,5000,1000,RAWCLASS-1.0.0,2026-08-26T12:38:32,2,True,2,1.0,0.0,0.0,,True,2.0,2.0,2.0,1.0,0.0,0.0,0.0,1390.0,2409.0,0.0,0.0,13.025667048429115,528.3730158730159,79.2071319275953,6.668552316196061,6.61156469003771,6432.0,979.0,29789321.50579492,0.0487945844323309,32.14992198555825,31.796383710348984,32.50346026076751,0.2638458138755774,0.2638458138755774,16.97056274847714,528.3730158730159,528.3730158730159,0.0,7.717368189412614,0.0,20000.0,0.0,0.0,1008.0,93.0216,-6.9783999999999935,0.2910451511363829,250000.0,5000.0,24.0,FULL8,0.0,92.5,1.0,0.0,0.0,0.0,528.3730158730159,,,,,0.0,0.0,0.0,528.3730158730159,,-1.0
B,20260826_174650_wall_reflector_100cm_wood_16cm_before_wall_moved17_6cm_rightside_attx,D:/CustomTxRx/ESP32_Raw_Reflector_Classification/raw_reflector_results\previous\20260826_174650_wall_reflector_100cm_wood_16cm_before_wall_moved17_6cm_rightside_attx,wall_reflector_100cm,aluminium,wood_16cm_before_wall_moved17_6cm_rightside_attx,95.0,0.0,FULL8,1000.0,16000.0,24,250000,5000,1000,RAWCLASS-1.0.0,2026-08-26T17:46:50,53,True,53,53.0,-45.0,7.0,1.0,True,1.0,1.0,1.0,1.0,0.0,0.0,0.0,1535.0,2096.0,0.0,0.0,2.0799821875993705,9.515873015873012,2.1451757532532736,4.341698283327939,0.0298972178431998,5432.0,17.0,17256.671296296558,0.2714700188119856,13.051958562103009,11.770710354196002,14.284705600051424,,,,7.170634920634939,10.484126984126988,3.299493214351512,,1000.0,16000.0,0.0943396226415094,0.0188679245283018,1008.0,75.8716,-19.1284,,250000.0,5000.0,24.0,FULL8,0.0,2.5,0.1698113207547169,0.9056603773584906,0.0377358490566037,-2.0,10.484126984126988,,,1.3379423453858368,-1.4736079009793408,254.9862,111.20059999999998,0.0,9.515873015873012,5.121193958516155e-15,-1.0
B,20260826_174722_wall_reflector_100cm_wood_16cm_before_wall_moved17_6cm_rightside_attx,D:/CustomTxRx/ESP32_Raw_Reflector_Classification/raw_reflector_results\previous\20260826_174722_wall_reflector_100cm_wood_16cm_before_wall_moved17_6cm_rightside_attx,wall_reflector_100cm,aluminium,wood_16cm_before_wall_moved17_6cm_rightside_attx,95.0,0.0,FULL8,1000.0,16000.0,24,250000,5000,1000,RAWCLASS-1.0.0,2026-08-26T17:47:22,61,True,61,61.0,-30.0,30.0,1.0,True,1.0,1.0,1.0,1.0,0.0,0.0,0.0,1695.0,2091.0,0.0,0.0,1.9673096813191728,9.626984126984098,2.0692544206536905,4.595705812822603,0.0292802137032808,6180.0,17.0,16056.80196523065,0.2563381538339537,13.763257608451797,12.357740764990314,14.912153381304226,,,,8.03571428571422,11.511904761904816,3.122454025039646,,1000.0,16000.0,0.0327868852459016,0.0,1008.0,88.6998,-6.300200000000004,,250000.0,5000.0,24.0,FULL8,0.0,37.5,0.1475409836065573,0.5901639344262295,0.1147540983606557,18.0,11.511904761904816,,,4.510234839128184,-0.5380435445182163,250.39,127.939,0.0,9.626984126984098,4.370287559547784e-15,-1.0
